dataset,trial,shaper,down_limit_mbps,up_limit_mbps,mode,duration_seconds,download_mbps,upload_mbps,idle_google_p95_ms,loaded_google_p95_ms,delta_google_p95_ms,loaded_google_p99_ms,loaded_google_max_ms,modem_p95_ms,google_probes_lost,peak_sampled_core_percent
"cake-upload-map-1789321386","1-500-50","htb",500,50,"upload",30,,48.573518119598596,23.0,9.35,-13.65,10.2,11.2,3.3,0,27
"cake-upload-map-1789321386","2-500-65","htb",500,65,"upload",30,,62.41253398475643,21.6,16.6,-5,32.1,32.3,3.25,0,37
"cake-upload-map-1789321386","3-500-80-retry","htb",500,80,"upload",30,,77.15729310799895,21.3,8.89,-12.41,21.1,22.2,3.12,0,32
"cake-upload-map-1789321386","4-500-90-retry","htb",500,90,"upload",30,,86.45235202501816,19.9,12.0,-7.899999999999999,20.0,29.7,3.13,0,26
"cake-upload-map-1789321386","5-500-90-retry","htb",500,90,"upload",30,,86.24359694625514,19.0,12.6,-6.4,24.7,24.8,3.08,0,27
"cake-upload-map-1789321386","6-500-80-retry","htb",500,80,"upload",30,,74.3981958485454,21.8,28.4,6.599999999999998,44.0,44.4,3.11,0,40
"cake-upload-map-1789321386","7-500-65-retry","htb",500,65,"upload",30,,62.68987236881591,21.7,10.1,-11.6,20.2,23.0,3.16,0,30
"cake-upload-map-1789321386","8-500-50-retry","htb",500,50,"upload",30,,48.2931568099894,20.7,10.6,-10.1,13.4,14.2,3.26,0,31
"cake-upload-ceiling-1789322231","1-500-90","htb",500,90,"upload",30,,78.17148905325986,20.3,67.5,47.2,129.0,137.0,3.16,0,45
"cake-upload-ceiling-1789322231","2-500-95","htb",500,95,"upload",30,,86.83969765639817,21.6,252.0,230.4,290.0,315.0,3.22,0,43
"cake-upload-ceiling-1789322231","3-500-100","htb",500,100,"upload",30,,93.16616843688267,19.6,35.4,15.799999999999997,51.7,54.3,3.16,0,44
"cake-upload-ceiling-1789322231","4-500-100","htb",500,100,"upload",30,,95.716489993034,20.0,21.3,1.3000000000000007,33.8,34.5,3.32,0,36
"cake-upload-ceiling-1789322231","5-500-95","htb",500,95,"upload",30,,91.76891060351686,19.5,13.7,-5.800000000000001,19.4,19.9,3.12,0,33
"cake-upload-ceiling-1789322231","6-500-90","htb",500,90,"upload",30,,79.2532165153071,21.4,115.0,93.6,137.0,144.0,3.15,0,33
"cake-shapers-1789322936","1-htb","htb",500,90,"upload",30,,86.73754065396822,20.4,11.2,-9.2,12.9,13.1,3.14,0,44
"cake-shapers-1789322936","2-native","native",500,90,"upload",30,,85.58210270888294,20.9,9.09,-11.809999999999999,10.1,12.5,3.16,0,41
"cake-shapers-1789322936","3-native","native",500,90,"both",30,408.420215859928,11.845268354192479,22.4,640.0,617.6,700.0,717.0,3.38,0,56
"cake-shapers-1789322936","4-htb","htb",500,90,"both",30,388.18340453566003,57.976161082894166,22.7,218.0,195.3,338.0,364.0,3.58,0,61
"cake-shapers-1789322936","5-htb","htb",500,90,"upload",30,,86.9483187076739,20.3,15.9,-4.4,28.0,33.1,3.14,0,40
"cake-shapers-1789322936","6-native","native",500,90,"upload",30,,85.47672141077786,21.3,9.46,-11.84,11.3,12.1,3.11,0,35
"cake-shapers-1789322936","7-htb","htb",500,90,"both",30,444.7713424837406,72.26625351132606,20.5,50.9,30.4,61.5,61.6,3.37,0,57
"cake-shapers-1789322936","8-native","native",500,90,"both",30,378.74197740281915,10.16790466144513,21.7,492.0,470.3,580.0,648.0,3.39,0,52
"cake-download-map-1789323716","1-300-50","htb",300,50,"download",30,282.13681144842514,,21.1,27.0,5.899999999999999,43.0,61.6,3.24,0,52
"cake-download-map-1789323716","10-300-50","htb",300,50,"download",30,285.69789341700147,,20.5,20.8,0.3000000000000007,70.4,76.8,3.26,0,71
"cake-download-map-1789323716","2-450-50","htb",450,50,"download",30,427.36510941379066,,22.5,26.1,3.6000000000000014,47.2,74.2,3.18,0,58
"cake-download-map-1789323716","3-600-50","htb",600,50,"download",30,432.01380161564185,,20.4,107.0,86.6,181.0,185.0,3.07,1,56
"cake-download-map-1789323716","4-750-50","htb",750,50,"download",30,422.1565850249106,,22.3,206.0,183.7,294.0,309.0,2.99,0,55
"cake-download-map-1789323716","5-900-50","htb",900,50,"download",30,685.8386090666668,,20.8,207.0,186.2,313.0,332.0,4.22,0,56
"cake-download-map-1789323716","6-900-50","htb",900,50,"download",30,646.6223193022902,,17.6,231.0,213.4,258.0,278.0,3.48,0,57
"cake-download-map-1789323716","7-750-50","htb",750,50,"download",30,563.7499550916233,,19.9,266.0,246.1,441.0,456.0,3.58,0,54
"cake-download-map-1789323716","8-600-50","htb",600,50,"download",30,503.59651993043326,,19.1,58.1,39,86.5,111.0,3.24,0,63
"cake-download-map-1789323716","9-450-50","htb",450,50,"download",30,412.7993258504871,,20.8,40.0,19.2,49.4,58.8,3.59,0,60
"cake-baseline-repeat-1789324883","1-500-50","htb",500,50,"download",30,457.318930889369,,21.8,37.7,15.900000000000002,55.3,58.3,3.83,0,51
"cake-baseline-repeat-1789324883","2-500-50","htb",500,50,"upload",30,,48.397935163103,18.3,10.4,-7.9,12.0,14.0,3.3,0,23
"cake-baseline-repeat-1789324883","3-500-50","htb",500,50,"both",30,461.1986773333333,41.863140806184866,18.2,31.7,13.5,48.9,80.1,3.63,0,60
"cake-combined-map-1789325169","1-300-50","htb",300,50,"both",30,292.34322267457816,44.693259836805595,21.7,13.3,-8.399999999999999,19.7,21.5,3.58,0,48
"cake-combined-map-1789325169","2-300-70","htb",300,70,"both",30,289.0224403288453,63.3905369675097,19.7,17.3,-2.3999999999999986,26.9,36.6,3.32,0,59
"cake-combined-map-1789325169","3-450-50","htb",450,50,"both",30,416.31959677869355,41.97077775663697,21.3,25.9,4.599999999999998,44.7,46.7,4.88,0,56
"cake-combined-map-1789325169","4-450-70","htb",450,70,"both",30,432.0481493204935,62.1688276145234,21.3,19.1,-2.1999999999999993,31.5,38.6,3.45,0,69
"cake-combined-map-1789325169","5-450-70","htb",450,70,"both",30,417.96232393961265,58.42995668491655,22.4,40.4,18,63.7,73.5,7.14,0,64
"cake-combined-map-1789325169","6-450-50","htb",450,50,"both",30,436.5920938666667,43.786765454017015,20.4,15.2,-5.199999999999999,23.6,27.9,4.35,0,50
"cake-combined-map-1789325169","7-300-70","htb",300,70,"both",30,291.01914811991685,63.73875451258665,20.4,13.9,-6.499999999999998,20.3,25.2,3.57,0,57
"cake-combined-map-1789325169","8-300-50","htb",300,50,"both",30,291.04970626003916,44.69585304614,20.3,15.6,-4.700000000000001,21.8,25.6,3.52,0,52
"cake-sustained-1789325874","1-300-70","htb",300,70,"both",120,290.5962508735339,63.56559224259482,21.5,14.0,-7.5,18.7,26.7,3.76,0,54
"cake-sustained-1789325874","2-450-50","htb",450,50,"both",120,422.16602676577077,42.516903207179745,20.9,25.3,4.400000000000002,34.8,45.2,3.68,0,59
"cake-sustained-1789325874","3-450-50","htb",450,50,"both",120,417.23724327357525,42.07139173392947,21.5,29.2,7.699999999999999,42.7,59.6,5.93,0,60
"cake-sustained-1789325874","4-300-70","htb",300,70,"both",120,288.64683777788036,62.8054792548991,19.0,20.0,1,45.6,53.6,3.74,0,60
"cake-middle-map-1789326664","1-300-70","htb",300,70,"both",30,288.21858025938064,62.899166477324115,20.8,16.4,-4.400000000000002,30.9,44.0,3.43,0,53
"cake-middle-map-1789326664","2-375-70","htb",375,70,"both",30,357.1798786033536,62.338737362528235,19.1,19.6,0.5,31.1,32.7,3.28,0,59
"cake-middle-map-1789326664","3-450-50","htb",450,50,"both",30,421.5624202208493,42.38840691918162,19.9,24.8,4.900000000000002,33.4,39.1,3.53,0,61
"cake-middle-map-1789326664","4-375-70","htb",375,70,"both",30,348.441735111653,60.386659127190924,19.5,31.0,11.5,47.7,49.8,3.28,0,62
"cake-middle-map-1789326664","5-375-70","htb",375,70,"both",30,361.7690907139338,62.72477893043142,22.4,18.7,-3.6999999999999993,28.0,28.6,3.55,0,54
"cake-boundary-sustained-1789327207","1-350-70","htb",350,70,"both",120,332.98402473439836,61.65351031919247,20.4,28.2,7.800000000000001,39.3,55.3,4.02,0,54
"cake-boundary-sustained-1789327207","2-375-70","htb",375,70,"both",120,352.8446125668302,61.592336884010045,20.6,24.2,3.599999999999998,34.7,47.5,3.61,0,65
"cake-boundary-sustained-1789327207","3-375-70","htb",375,70,"both",120,357.14760468243435,61.70284405686047,20.0,23.2,3.1999999999999993,37.8,52.9,3.41,4,62
"cake-boundary-sustained-1789327207","4-350-70","htb",350,70,"both",120,337.7463183417894,58.83928456985595,22.5,65.1,42.599999999999994,96.6,103.0,3.9,0,55
"cake-upload-safe-sustained-1789328044","1-300-60","htb",300,60,"both",120,291.55645475524085,53.9463292910622,21.0,16.3,-4.699999999999999,22.3,42.8,3.99,0,62
"cake-upload-safe-sustained-1789328044","2-300-50","htb",300,50,"both",120,291.8187859138126,44.3960736173171,22.2,16.7,-5.5,48.3,59.4,4.96,0,62
"cake-upload-safe-sustained-1789328044","3-300-50","htb",300,50,"both",120,282.1003496830826,44.29983712002112,23.0,20.0,-3,26.6,37.4,3.5,0,63
"cake-upload-safe-sustained-1789328044","4-300-60","htb",300,60,"both",120,273.5560021333333,52.00617208718617,38.1,47.0,8.899999999999999,75.8,91.7,3.59,1,58
"cake-download-at60-map-1789328977","1-300-60","htb",300,60,"both",30,270.1131866037729,54.44435410088427,21.2,11.7,-9.5,13.8,14.9,3.93,0,52
"cake-download-at60-map-1789328977","10-300-60","htb",300,60,"both",30,266.47210962846304,43.57616275677108,20.0,65.7,45.7,72.9,82.0,3.24,0,56
"cake-download-at60-map-1789328977","2-325-60","htb",325,60,"both",30,297.4391382493834,54.059643509308515,20.4,11.1,-9.299999999999999,20.0,24.9,4.4,0,57
"cake-download-at60-map-1789328977","3-350-60","htb",350,60,"both",30,326.9871729891926,53.920591978734535,21.0,13.2,-7.800000000000001,19.3,26.1,3.32,0,55
"cake-download-at60-map-1789328977","4-375-60","htb",375,60,"both",30,350.64369751876745,53.70924482029266,20.9,14.7,-6.199999999999999,24.4,29.6,3.72,0,67
"cake-download-at60-map-1789328977","5-400-60","htb",400,60,"both",30,372.2094778387363,53.3624720252667,20.5,16.4,-4.100000000000001,20.2,20.5,3.49,0,66
"cake-download-at60-map-1789328977","6-400-60","htb",400,60,"both",30,374.6196788640154,53.56911273865321,21.4,15.2,-6.199999999999999,25.2,26.4,3.95,0,55
"cake-download-at60-map-1789328977","7-375-60","htb",375,60,"both",30,333.026605309542,49.02538475865426,21.3,81.9,60.60000000000001,90.7,91.5,4.62,0,68
"cake-download-at60-map-1789328977","8-350-60","htb",350,60,"both",30,319.9208575208575,52.832834911906666,29.6,20.6,-9,25.8,28.4,3.36,0,59
"cake-download-at60-map-1789328977","9-325-60","htb",325,60,"both",30,301.42456873786375,53.53568880551732,21.2,19.0,-2.1999999999999993,27.1,28.5,4.54,0,57
"cake-finalists-sustained-1789329868","1-400-50","htb",400,50,"both",120,381.32337511177496,43.93324903511246,59.8,17.5,-42.3,30.9,45.4,4.34,0,64
"cake-finalists-sustained-1789329868","2-425-50","htb",425,50,"both",120,405.0734410210008,43.583049533247056,21.3,22.4,1.0999999999999979,32.2,46.1,4.25,0,62
"cake-finalists-sustained-1789329868","3-425-50","htb",425,50,"both",120,401.450713858532,43.79310250809797,19.9,18.8,-1.0999999999999979,27.0,36.5,3.89,0,57
"cake-finalists-sustained-1789329868","4-400-50","htb",400,50,"both",120,377.6096718394358,44.11687457256588,20.2,15.0,-5.199999999999999,23.7,37.2,3.56,0,70
"cake-final-validation-1789330642","1-400-50","htb",400,50,"both",300,376.3559328988155,44.11612569473943,20.3,15.9,-4.4,26.3,47.4,3.72,0,70
"cake-good-conditions-1789336365","1-400-50","htb",400,50,"both",30,392.02807123274977,44.45011896456538,20.7,9.31,-11.389999999999999,12.1,12.2,4.18,0,54
"cake-good-conditions-1789336365","10-700-70","htb",700,70,"both",30,687.621165345961,62.30942955146607,19.9,13.5,-6.399999999999999,18.9,19.1,3.39,1,78
"cake-good-conditions-1789336365","11-600-70","htb",600,70,"both",30,589.6148547610262,62.798628908435816,19.8,13.6,-6.200000000000001,18.8,32.6,4.18,0,65
"cake-good-conditions-1789336365","12-400-50","htb",400,50,"both",30,392.83144356704463,44.76321329167244,20.0,10.0,-10,11.9,12.4,3.46,0,54
"cake-good-conditions-1789336365","2-600-70","htb",600,70,"both",30,578.0100051993329,62.44859493392625,19.6,27.2,7.599999999999998,31.6,33.1,3.43,0,66
"cake-good-conditions-1789336365","3-700-70","htb",700,70,"both",30,685.4197498497915,62.23486580929486,19.4,14.6,-4.799999999999999,19.0,21.4,5.07,0,63
"cake-good-conditions-1789336365","4-800-70","htb",800,70,"both",30,783.6387490392881,61.78322390387973,19.5,16.5,-3,21.7,32.7,3.45,1,72
"cake-good-conditions-1789336365","5-850-70","htb",850,70,"both",30,832.2207618501967,61.81851939834044,20.6,15.8,-4.800000000000001,19.2,27.4,6.54,0,80
"cake-good-conditions-1789336365","6-800-80","htb",800,80,"both",30,779.3727833049344,71.14886247175241,19.5,15.6,-3.9000000000000004,20.2,21.0,3.62,0,63
"cake-good-conditions-1789336365","7-800-80","htb",800,80,"both",30,784.3478943199756,71.9172924748451,22.2,12.0,-10.2,19.5,24.4,3.9,1,66
"cake-good-conditions-1789336365","8-850-70","htb",850,70,"both",30,826.856012498157,60.97845051530072,21.5,17.5,-4,27.0,27.7,8.2,0,69
"cake-good-conditions-1789336365","9-800-70","htb",800,70,"both",30,777.932336872383,61.57079247991516,20.7,19.0,-1.6999999999999993,24.3,25.4,4.13,0,71
"cake-good-grid-1789337349","1-b1-400-50","htb",400,50,"both",30,392.93635353757645,44.69017846464681,19.3,9.43,-9.870000000000001,10.6,10.7,3.6,0,52
"cake-good-grid-1789337349","10-b1-900-80","htb",900,80,"both",30,814.4637959893672,68.3185685576682,20.6,48.9,28.299999999999997,57.4,74.8,4.2,0,65
"cake-good-grid-1789337349","11-b2-900-80","htb",900,80,"both",30,856.5123146903117,69.4714849251874,20.7,28.5,7.800000000000001,34.7,35.7,3.52,1,71
"cake-good-grid-1789337349","12-b2-850-70","htb",850,70,"both",30,833.6024983537806,61.57247298342827,19.5,16.5,-3,19.6,23.1,3.79,2,70
"cake-good-grid-1789337349","13-b2-800-90","htb",800,90,"both",30,785.6287987992523,81.10717283514046,18.7,14.6,-4.1,19.0,21.4,6.14,0,66
"cake-good-grid-1789337349","14-b2-900-70","htb",900,70,"both",30,880.9101951473317,61.812176692369604,19.9,17.2,-2.6999999999999993,19.7,24.3,4.43,1,68
"cake-good-grid-1789337349","15-b2-850-90","htb",850,90,"both",30,833.425151111406,80.75882973206801,20.5,18.5,-2,22.6,26.7,4.06,0,73
"cake-good-grid-1789337349","16-b2-800-80","htb",800,80,"both",30,785.9427431276076,71.84493345068701,19.0,13.2,-5.800000000000001,15.6,18.4,7.25,0,71
"cake-good-grid-1789337349","17-b2-900-90","htb",900,90,"both",30,872.9742688393372,79.49836036804564,19.4,22.7,3.3000000000000007,28.7,34.3,3.88,1,71
"cake-good-grid-1789337349","18-b2-850-80","htb",850,80,"both",30,830.368330841997,70.7656326735635,20.4,20.3,-0.09999999999999787,22.1,22.2,3.51,2,72
"cake-good-grid-1789337349","19-b2-800-70","htb",800,70,"both",30,785.0702904955325,62.4126234246639,18.8,13.5,-5.300000000000001,17.8,22.2,7.1,0,63
"cake-good-grid-1789337349","2-b1-800-70","htb",800,70,"both",30,753.5532708537045,61.08490087767908,20.2,28.7,8.5,35.3,40.8,7.87,0,68
"cake-good-grid-1789337349","20-b2-400-50","htb",400,50,"both",30,392.7964910407018,44.623974293463995,18.9,9.13,-9.769999999999998,10.7,15.4,3.58,0,56
"cake-good-grid-1789337349","21-b3-850-90","htb",850,90,"both",30,833.932270418061,80.44573664802215,19.0,17.9,-1.1000000000000014,22.9,23.6,6.23,0,64
"cake-good-grid-1789337349","22-b3-400-50","htb",400,50,"both",30,392.6566678467775,44.3467424742864,20.1,10.9,-9.200000000000001,13.0,16.5,3.65,0,60
"cake-good-grid-1789337349","23-b3-800-80","htb",800,80,"both",30,783.2162102900912,71.1484072146973,19.8,17.9,-1.9000000000000021,22.2,22.9,3.88,0,67
"cake-good-grid-1789337349","24-b3-900-70","htb",900,70,"both",30,879.6163921241516,61.50383807909284,20.8,19.1,-1.6999999999999993,24.6,27.0,3.75,2,69
"cake-good-grid-1789337349","25-b3-850-80","htb",850,80,"both",30,831.7499374594986,70.72903900395633,21.2,17.4,-3.8000000000000007,25.3,27.6,3.79,0,75
"cake-good-grid-1789337349","26-b3-800-70","htb",800,70,"both",30,779.4420909056031,61.99230047592974,19.3,13.9,-5.4,18.3,18.4,4.3,0,67
"cake-good-grid-1789337349","27-b3-900-80","htb",900,80,"both",30,883.1107366370246,71.0084773674867,19.9,18.4,-1.5,24.1,26.7,4.1,0,75
"cake-good-grid-1789337349","28-b3-850-70","htb",850,70,"both",30,834.6888656615996,61.746004803423645,20.0,16.5,-3.5,19.8,22.8,3.89,0,70
"cake-good-grid-1789337349","29-b3-900-90","htb",900,90,"both",30,880.560287643031,80.09712265593299,20.7,20.0,-0.6999999999999993,24.0,25.3,6.67,1,69
"cake-good-grid-1789337349","3-b1-850-80","htb",850,80,"both",30,808.2950888821191,70.13469752085152,18.8,30.0,11.2,33.6,33.8,3.53,0,63
"cake-good-grid-1789337349","30-b3-800-90","htb",800,90,"both",30,785.873623927653,81.45647821824704,20.8,15.0,-5.800000000000001,20.9,21.7,3.94,1,68
"cake-good-grid-1789337349","4-b1-900-90","htb",900,90,"both",30,877.0471212754104,80.76169618752573,20.0,17.9,-2.1000000000000014,24.0,25.9,3.7,0,75
"cake-good-grid-1789337349","5-b1-800-80","htb",800,80,"both",30,784.998841466821,71.5676922547804,20.1,14.1,-6.000000000000002,22.7,25.8,5.42,0,67
"cake-good-grid-1789337349","6-b1-850-90","htb",850,90,"both",30,829.3258076693651,80.68759709316134,18.8,17.9,-0.9000000000000021,24.3,25.9,5.46,0,75
"cake-good-grid-1789337349","7-b1-900-70","htb",900,70,"both",30,865.755608062573,61.0836448400822,18.7,26.0,7.300000000000001,32.4,44.8,5.31,0,69
"cake-good-grid-1789337349","8-b1-800-90","htb",800,90,"both",30,774.0586741902209,79.81502185579753,19.8,30.5,10.7,53.0,53.5,4.18,0,75
"cake-good-grid-1789337349","9-b1-850-70","htb",850,70,"both",30,837.110215543905,62.062103461868304,19.8,16.3,-3.5,18.2,22.7,3.7,0,65
"cake-good-directional-1789339769","1-b1-400-50-both","htb",400,50,"both",30,392.93635353757645,44.17087495820447,21.2,10.9,-10.299999999999999,12.5,12.9,3.91,0,59
"cake-good-directional-1789339769","10-b2-850-90-upload","htb",850,90,"upload",30,,87.4320499794312,19.9,8.56,-11.339999999999998,10.8,11.2,3.09,0,36
"cake-good-directional-1789339769","11-b2-400-50-both","htb",400,50,"both",30,392.622212642953,44.5214408889532,19.9,8.78,-11.12,9.12,9.28,4.72,0,56
"cake-good-directional-1789339769","12-b2-900-80-download","htb",900,80,"download",30,861.8244994900667,,19.6,18.1,-1.5,24.7,31.3,5.42,0,63
"cake-good-directional-1789339769","13-b2-850-70-upload","htb",850,70,"upload",30,,67.65659614632885,18.1,11.3,-6.800000000000001,13.0,13.1,3.25,0,36
"cake-good-directional-1789339769","14-b2-800-80-download","htb",800,80,"download",30,773.640610624977,,20.0,18.8,-1.1999999999999993,32.7,34.1,4.95,0,63
"cake-good-directional-1789339769","15-b3-900-80-download","htb",900,80,"download",30,863.8846253589489,,19.8,18.9,-0.9000000000000021,22.1,27.5,4.55,1,62
"cake-good-directional-1789339769","16-b3-850-70-upload","htb",850,70,"upload",30,,63.598679816601724,22.4,144.0,121.6,200.0,217.0,3.16,0,24
"cake-good-directional-1789339769","17-b3-800-80-download","htb",800,80,"download",30,775.2821677094057,,19.8,17.7,-2.1000000000000014,20.8,21.8,4.64,0,60
"cake-good-directional-1789339769","18-b3-850-80-upload","htb",850,80,"upload",30,,77.74894128673964,19.7,8.02,-11.68,8.77,8.91,3.08,0,45
"cake-good-directional-1789339769","19-b3-850-80-download","htb",850,80,"download",30,826.3125926395555,,19.8,19.0,-0.8000000000000007,25.0,35.8,4.69,1,61
"cake-good-directional-1789339769","2-b1-800-80-download","htb",800,80,"download",30,781.959509325767,,18.7,19.6,0.9000000000000021,26.0,30.3,3.29,1,63
"cake-good-directional-1789339769","20-b3-850-90-upload","htb",850,90,"upload",30,,87.3654706760409,18.8,7.26,-11.540000000000001,8.21,11.0,3.13,0,31
"cake-good-directional-1789339769","21-b3-400-50-both","htb",400,50,"both",30,392.7969100239887,44.44957087037385,19.8,9.42,-10.38,9.79,9.96,4.04,0,50
"cake-good-directional-1789339769","3-b1-850-70-upload","htb",850,70,"upload",30,,67.96689542021677,21.3,7.83,-13.47,9.03,9.66,3.21,0,30
"cake-good-directional-1789339769","4-b1-900-80-download","htb",900,80,"download",30,871.7870453657499,,20.0,19.2,-0.8000000000000007,23.0,23.2,4.19,1,59
"cake-good-directional-1789339769","5-b1-850-90-upload","htb",850,90,"upload",30,,87.3629579911692,18.8,8.08,-10.72,9.23,10.9,3.15,0,44
"cake-good-directional-1789339769","6-b1-850-80-download","htb",850,80,"download",30,827.8354094504116,,20.0,20.7,0.6999999999999993,29.5,36.4,4.46,0,68
"cake-good-directional-1789339769","7-b1-850-80-upload","htb",850,80,"upload",30,,77.8914816806831,20.5,7.74,-12.76,8.42,10.2,3.13,0,27
"cake-good-directional-1789339769","8-b2-850-80-upload","htb",850,80,"upload",30,,77.64611140904043,19.8,11.6,-8.200000000000001,13.7,13.8,3.12,0,26
"cake-good-directional-1789339769","9-b2-850-80-download","htb",850,80,"download",30,834.4927625410738,,20.8,19.3,-1.5,28.9,30.5,3.46,0,63
"cake-good-finalists-1789341652","1-400-50","htb",400,50,"both",120,385.46525646007046,44.273306924512276,20.9,24.0,3.1000000000000014,35.2,41.4,3.61,0,59
"cake-good-finalists-1789341652","10-900-90","htb",900,90,"both",120,881.424232776263,80.779433526822,20.6,18.9,-1.7000000000000028,24.0,28.1,3.68,1,76
"cake-good-finalists-1789341652","11-400-50","htb",400,50,"both",120,392.4842437722956,44.38719281174217,19.5,12.5,-7,15.5,28.4,3.6,0,56
"cake-good-finalists-1789341652","2-800-80","htb",800,80,"both",120,786.2836745137078,71.62321530215607,19.8,13.4,-6.4,17.3,21.0,6.69,0,70
"cake-good-finalists-1789341652","3-850-90","htb",850,90,"both",120,832.7439886946016,79.15511334883423,20.5,36.3,15.799999999999997,52.4,68.0,5.1,0,76
"cake-good-finalists-1789341652","4-900-90","htb",900,90,"both",120,880.576611842641,80.1851300368879,19.8,19.7,-0.10000000000000142,24.5,34.3,4.32,0,77
"cake-good-finalists-1789341652","5-900-90","htb",900,90,"both",120,883.5825148576866,80.57850955677215,20.8,18.7,-2.1000000000000014,24.6,30.8,3.84,0,72
"cake-good-finalists-1789341652","6-850-90","htb",850,90,"both",120,828.8819484362273,80.35921011876644,20.3,19.8,-0.5,24.2,33.1,8.44,3,79
"cake-good-finalists-1789341652","7-800-80","htb",800,80,"both",120,786.4232028849265,71.68339623599314,20.8,13.5,-7.300000000000001,18.6,33.0,8.16,0,77
"cake-good-finalists-1789341652","8-850-90","htb",850,90,"both",120,814.0668280815173,79.92328451031184,19.8,26.7,6.899999999999999,38.9,54.6,4.09,0,74
"cake-good-finalists-1789341652","9-800-80","htb",800,80,"both",120,785.488497609337,71.7968027626692,20.7,12.8,-7.899999999999999,17.4,31.0,5.82,0,78
